{
  "project_info": {
    "project_number": "855475891194",
    "project_id": "mobile-tech-app-fb8a3",
    "storage_bucket": "mobile-tech-app-fb8a3.firebasestorage.app"
  },
  "client": [
    {
      "client_info": {
        "mobilesdk_app_id": "1:855475891194:android:bb6f6f6fada370d1421243",
        "android_client_info": {
          "package_name": "com.example.mobiletechapp"
        }
      },
      "oauth_client": [],
      "api_key": [
        {
          "current_key": "AIzaSyAymQoJwYht7Dps8rtchqpkG9rInN7F43Q"
        }
      ],
      "services": {
        "appinvite_service": {
          "other_platform_oauth_client": []
        }
      }
    }
  ],
  "configuration_version": "1"
}